{
  "C": 0.006614115951797352,
  "Q": 0.4198049503342624,
  "R_align": 0.9241071278102871,
  "R_stab": 0.0234375,
  "J": -0.01612318365327642,
  "improved": true
}